Temperature,Pump_Pressure,Inlet_Pressure,Outlet_Pressure,Flowrate
36.01881,11.258789,4.163818,16.443642,276.859406
35.796906,11.266113,4.179077,16.583679,284.076782
37.099888,11.286621,4.242554,16.470577,286.388275
36.656643,11.285156,4.140015,16.63434,285.184876
35.374783,11.258789,4.217529,16.608812,280.816406
35.723164,11.270508,4.215698,16.638256,278.333099
35.270988,11.228027,4.208984,16.625414,283.057465
36.56934,11.232422,4.433594,16.458557,278.041962
36.158855,11.279297,4.291382,16.660357,283.000549
37.388191,11.277832,4.221191,16.688778,297.024902
36.112129,11.233887,4.005127,16.616989,279.5242
36.214329,11.264648,4.21936,16.566084,280.535431
35.792473,11.251465,4.229736,16.435505,278.468292
36.260521,11.233887,4.178467,16.482264,283.046051
36.542778,11.229492,4.396362,16.466995,281.610077
35.348534,11.230957,4.221191,16.66465,281.810761
37.433064,11.276367,4.234619,16.436268,299.046631
35.707016,11.248535,4.124756,16.519073,275.571014
35.484062,11.232422,4.388428,16.8524,277.479065
36.650452,11.296875,4.042969,16.616493,289.348785
35.74168,11.200195,4.185791,16.479115,283.656647
36.915977,11.271973,4.159546,16.433168,285.044128
36.899548,11.293945,4.138184,16.544722,287.100098
36.505474,11.293945,4.093628,16.363733,286.739899
35.858074,11.267578,4.203491,16.638372,286.437286
35.62035,11.229492,4.211426,16.659924,285.642212
36.53421,11.225098,4.294434,16.457825,282.639038
37.897003,11.29834,4.360352,16.63858,283.669495
36.583965,11.220703,4.230347,16.191969,282.61026
35.740517,11.25293,4.16687,16.52589,280.840637
35.693569,11.239746,4.052734,16.66691,278.754761
35.556553,11.194336,4.165039,16.406313,286.166046
35.371147,11.228027,4.269409,16.649048,279.519562
36.281403,11.235352,4.273682,16.598471,278.839356
35.204491,11.176758,4.195557,16.720188,282.914795
35.885338,11.20459,4.213257,16.631504,288.447296
35.465538,11.230957,4.172363,16.697428,279.380981
36.916069,11.219238,4.180298,16.117401,284.209412
37.478455,11.283691,4.16748,16.681149,295.971314
37.309258,11.263184,4.266357,16.693707,300.832977
36.103958,11.235352,4.043579,16.629641,282.583984
35.41214,11.210449,4.27002,16.57431,285.645905
37.7561,11.293945,4.205322,16.674377,281.005035
35.278992,11.228027,4.211426,16.422369,284.089417
36.811134,11.286621,4.249268,16.645201,284.481201
35.255157,11.232422,4.273682,16.840458,276.540253
36.492905,11.29541,4.139404,16.519531,282.889099
35.761688,11.220703,4.074097,16.633656,281.965881
35.326233,11.232422,4.223022,16.572157,277.140869
35.639004,11.228027,4.16626,16.764116,285.222229
36.522354,11.279297,4.240723,16.473867,286.860107
36.504223,11.280762,4.230957,16.620115,282.777527
36.462158,11.296875,4.241943,16.501593,279.779388
37.211693,11.279297,4.259644,16.680433,279.991882
36.830112,11.289551,4.188232,16.708984,284.575134
37.548813,11.276367,4.265747,16.548426,301.545105
36.56937,11.282227,4.146118,16.623545,283.541168
35.169872,11.238281,4.315796,16.58123,281.75531
35.464375,11.238281,4.204102,16.591108,278.833008
35.122326,11.175293,4.202881,16.660141,281.692932
35.280033,11.228027,4.161377,16.615473,282.420868
35.711216,11.269043,4.203491,16.639103,281.491028
35.529114,11.241211,4.104004,16.516186,274.757904
35.445168,11.230957,4.123535,16.68775,282.673889
37.260876,11.238281,4.178467,16.968895,291.650299
35.499043,11.238281,4.161377,16.670795,276.812195
35.119343,11.175293,4.154053,16.659931,282.419495
37.287472,11.24707,4.179688,16.648533,296.776764
35.803051,11.25,4.020996,16.497335,275.320923
36.300781,11.230957,4.387207,16.713696,277.641205
37.337433,11.24707,4.226685,16.600674,298.348999
37.673271,11.29248,4.154053,16.492367,290.673401
35.300663,11.245605,4.137573,16.524336,274.967682
35.271641,11.179688,4.25415,16.639126,285.68811
37.457672,11.270508,4.155273,16.731691,303.206055
35.033154,11.25,4.238281,16.522694,276.553436
36.563137,11.283691,4.194946,16.622234,286.95636
36.144783,11.229492,3.948364,16.396976,281.15686
35.662338,11.238281,4.274292,16.544161,277.854736
36.549221,11.269043,4.213257,16.67981,277.581848
35.591114,11.230957,4.172974,16.755749,281.631775
35.609364,11.238281,4.213867,16.558487,278.929077
36.957642,11.286621,4.143066,16.387722,287.761749
34.747341,11.239746,4.213257,16.601995,279.5914
37.229073,11.277832,4.177856,16.68881,298.038818
35.723927,11.19873,4.168091,16.471823,285.824127
35.334427,11.233887,4.173584,16.336182,276.831421
35.810795,11.267578,4.171753,16.435118,282.739471
37.336872,11.296875,4.196777,16.525398,286.713074
36.462276,11.29834,4.195557,16.261259,285.799286
37.648788,11.291016,4.155273,16.420593,284.179321
35.89362,11.270508,4.248657,16.638222,281.80304
35.469646,11.208984,4.214478,16.608755,287.51828
34.743176,11.241211,4.248657,16.602028,277.717773
37.332333,11.264648,4.224854,16.634598,298.01709
37.602333,11.296875,4.197388,16.746689,290.102936
35.665394,11.267578,4.162598,16.685118,284.260223
35.084538,11.24707,4.238281,16.65984,278.067566
38.153996,11.302734,4.153442,16.605646,285.619659
35.878841,11.269043,4.187622,16.678381,282.256714
35.481655,11.232422,4.281006,16.605635,280.079468
35.504425,11.236816,4.342041,16.590799,275.560333
35.602757,11.19873,4.172363,16.478779,285.801697
34.885601,11.169434,4.14978,16.582167,282.424835
37.200394,11.230957,4.18396,16.659708,288.281158
35.578396,11.230957,4.21875,16.627213,284.858795
36.35891,11.235352,4.158325,16.729982,274.505615
38.039261,11.29834,4.306641,16.622355,287.339478
35.774223,11.25,4.169922,16.725912,279.378143
37.41729,11.283691,4.266968,16.433924,281.789398
36.873528,11.217773,4.128418,15.866984,285.374725
37.327099,11.238281,4.119263,16.717945,290.407105
35.351555,11.182617,4.241943,16.610168,282.732422
35.283386,11.245605,4.188232,16.413725,278.960754
36.896946,11.220703,4.227295,16.352455,285.463501
37.492325,11.280762,4.182739,16.677959,294.578705
35.060085,11.25,4.224854,16.473513,274.185577
34.893276,11.172363,4.197998,16.632851,282.415924
35.802513,11.20166,4.177246,16.529577,284.403442
37.198544,11.232422,4.177246,16.679783,290.002564
